{
	"users": [
		{
			"id": "1",
			"userName": "MarkZuckerberg",
			"userType": "RandomLabelingMechanism",
			"consistencyCheckProbability": "0.1"
		},
		{
			"id": "2",
			"userName": "BillGates",
			"userType": "RandomLabelingMechanism",
			"consistencyCheckProbability": "0.1"
		},
		{
			"id": "3",
			"userName": "ElonMusk",
			"userType": "RandomLabelingMechanism",
			"consistencyCheckProbability": "0.1"
		},
		{
			"id": "4",
			"userName": "SteveJobs",
			"userType": "RandomLabelingMechanism",
			"consistencyCheckProbability": "0.1"
		}
	],
	"datasets": [
		{
			"id": "1",
			"name": "Sentiment Dataset",
			"filePath": "CES3063F20_LabelingProject_Input-1.json",
			"userIds": [1, 2, 3]
		},
		{
			"id": "2",
			"name": "Multilabel Topic Classification Dataset",
			"filePath": "CES3063F20_LabelingProject_Input-2.json",
			"userIds": [1, 2, 3, 4]
		}
	],
	"currentDatasetId": "2"
}